id,x,y,width,height,filename
0,0,0,153,131,region_000000.jpg
1,19,0,238,142,region_000001.jpg
2,0,0,1156,531,region_000002.jpg
3,540,0,91,19,region_000003.jpg
4,691,0,41,18,region_000004.jpg
5,1150,0,13,63,region_000005.jpg
6,742,0,1305,915,region_000006.jpg
7,434,29,66,10,region_000007.jpg
8,0,32,137,117,region_000008.jpg
9,1698,45,39,147,region_000009.jpg
10,885,57,309,147,region_000010.jpg
11,815,59,118,228,region_000011.jpg
12,822,66,222,252,region_000012.jpg
13,956,67,241,341,region_000013.jpg
14,1048,79,101,171,region_000014.jpg
15,0,88,239,148,region_000015.jpg
16,1839,99,119,84,region_000016.jpg
17,1197,105,4,72,region_000017.jpg
18,1054,119,38,57,region_000018.jpg
19,1540,130,507,299,region_000019.jpg
20,1703,144,344,447,region_000020.jpg
21,1104,168,20,66,region_000021.jpg
22,1152,196,39,46,region_000022.jpg
23,1603,196,29,27,region_000023.jpg
24,1688,203,67,41,region_000024.jpg
25,1045,208,52,69,region_000025.jpg
26,926,221,42,49,region_000026.jpg
27,0,230,335,189,region_000027.jpg
28,839,256,49,104,region_000028.jpg
29,0,264,807,913,region_000029.jpg
30,728,278,166,259,region_000030.jpg
31,297,281,375,143,region_000031.jpg
32,303,287,228,182,region_000032.jpg
33,475,299,169,244,region_000033.jpg
34,607,302,57,165,region_000034.jpg
35,906,303,199,140,region_000035.jpg
36,378,308,107,28,region_000036.jpg
37,934,311,59,39,region_000037.jpg
38,1002,313,71,77,region_000038.jpg
39,299,318,46,157,region_000039.jpg
40,365,347,21,33,region_000040.jpg
41,364,371,21,70,region_000041.jpg
42,1121,372,64,35,region_000042.jpg
43,991,379,38,31,region_000043.jpg
44,1125,379,263,304,region_000044.jpg
45,1629,379,79,86,region_000045.jpg
46,1567,379,158,216,region_000046.jpg
47,584,380,21,61,region_000047.jpg
48,1684,381,62,112,region_000048.jpg
49,1363,386,563,393,region_000049.jpg
50,1126,388,42,90,region_000050.jpg
51,1491,395,183,157,region_000051.jpg
52,1360,396,75,57,region_000052.jpg
53,1369,399,105,62,region_000053.jpg
54,1359,405,20,105,region_000054.jpg
55,1507,423,28,46,region_000055.jpg
56,393,439,54,32,region_000056.jpg
57,1588,465,43,46,region_000057.jpg
58,600,470,39,54,region_000058.jpg
59,1676,470,20,36,region_000059.jpg
60,1313,475,45,59,region_000060.jpg
61,768,480,164,288,region_000061.jpg
62,385,485,127,131,region_000062.jpg
63,1419,485,17,27,region_000063.jpg
64,1328,493,33,48,region_000064.jpg
65,919,498,68,30,region_000065.jpg
66,1361,499,21,86,region_000066.jpg
67,354,500,29,190,region_000067.jpg
68,394,512,54,28,region_000068.jpg
69,486,515,56,41,region_000069.jpg
70,489,516,80,61,region_000070.jpg
71,501,529,53,24,region_000071.jpg
72,1490,530,47,68,region_000072.jpg
73,926,538,66,38,region_000073.jpg
74,1840,538,160,99,region_000074.jpg
75,608,539,80,11,region_000075.jpg
76,984,541,19,20,region_000076.jpg
77,1650,541,34,26,region_000077.jpg
78,1379,547,36,44,region_000078.jpg
79,731,551,45,45,region_000079.jpg
80,690,556,40,17,region_000080.jpg
81,1999,557,48,43,region_000081.jpg
82,1441,560,30,24,region_000082.jpg
83,1816,563,42,52,region_000083.jpg
84,507,571,30,28,region_000084.jpg
85,457,572,34,25,region_000085.jpg
86,1952,578,20,24,region_000086.jpg
87,963,579,15,53,region_000087.jpg
88,1960,584,35,27,region_000088.jpg
89,1349,585,97,142,region_000089.jpg
90,1592,587,39,17,region_000090.jpg
91,1315,591,732,569,region_000091.jpg
92,1430,596,25,31,region_000092.jpg
93,1916,597,77,48,region_000093.jpg
94,1523,601,14,33,region_000094.jpg
95,1278,604,66,89,region_000095.jpg
96,1191,613,69,36,region_000096.jpg
97,1583,614,62,30,region_000097.jpg
98,1681,617,22,19,region_000098.jpg
99,1111,633,13,60,region_000099.jpg
100,1745,637,18,24,region_000100.jpg
101,1697,639,32,15,region_000101.jpg
102,1469,640,55,14,region_000102.jpg
103,1579,642,54,18,region_000103.jpg
104,1766,642,150,190,region_000104.jpg
105,1494,643,74,58,region_000105.jpg
106,905,644,139,68,region_000106.jpg
107,1778,647,29,16,region_000107.jpg
108,1201,650,241,271,region_000108.jpg
109,1476,650,70,38,region_000109.jpg
110,1582,656,65,38,region_000110.jpg
111,1248,657,33,34,region_000111.jpg
112,326,663,42,30,region_000112.jpg
113,1434,665,98,37,region_000113.jpg
114,104,667,48,11,region_000114.jpg
115,522,668,37,24,region_000115.jpg
116,1282,670,21,25,region_000116.jpg
117,1487,675,178,112,region_000117.jpg
118,1721,677,32,29,region_000118.jpg
119,1687,687,33,21,region_000119.jpg
120,899,691,69,57,region_000120.jpg
121,454,692,915,569,region_000121.jpg
122,910,694,312,200,region_000122.jpg
123,1037,696,112,128,region_000123.jpg
124,1728,703,59,41,region_000124.jpg
125,1443,705,85,31,region_000125.jpg
126,1573,708,33,30,region_000126.jpg
127,616,709,235,141,region_000127.jpg
128,1542,716,36,31,region_000128.jpg
129,1320,719,44,66,region_000129.jpg
130,1547,719,27,28,region_000130.jpg
131,796,720,72,33,region_000131.jpg
132,728,721,140,124,region_000132.jpg
133,481,727,20,28,region_000133.jpg
134,835,733,90,174,region_000134.jpg
135,1346,746,38,32,region_000135.jpg
136,1647,746,15,103,region_000136.jpg
137,728,748,159,120,region_000137.jpg
138,844,752,55,100,region_000138.jpg
139,533,762,90,14,region_000139.jpg
140,1687,762,57,27,region_000140.jpg
141,609,770,134,15,region_000141.jpg
142,567,772,126,71,region_000142.jpg
143,1763,773,25,22,region_000143.jpg
144,501,774,101,89,region_000144.jpg
145,1940,774,14,31,region_000145.jpg
146,902,776,21,68,region_000146.jpg
147,398,782,34,109,region_000147.jpg
148,475,790,58,92,region_000148.jpg
149,1810,792,23,39,region_000149.jpg
150,201,793,136,69,region_000150.jpg
151,603,796,152,145,region_000151.jpg
152,766,798,24,41,region_000152.jpg
153,1439,799,29,31,region_000153.jpg
154,584,805,73,85,region_000154.jpg
155,109,807,49,20,region_000155.jpg
156,451,816,34,125,region_000156.jpg
157,31,817,141,30,region_000157.jpg
158,1355,821,70,56,region_000158.jpg
159,1750,829,35,19,region_000159.jpg
160,931,835,72,95,region_000160.jpg
161,1407,836,61,77,region_000161.jpg
162,423,842,5,65,region_000162.jpg
163,896,843,23,47,region_000163.jpg
164,1037,848,66,12,region_000164.jpg
165,1116,848,55,14,region_000165.jpg
166,1342,854,67,108,region_000166.jpg
167,368,854,1679,500,region_000167.jpg
168,1973,858,74,64,region_000168.jpg
169,170,863,82,88,region_000169.jpg
170,514,866,68,65,region_000170.jpg
171,483,867,25,55,region_000171.jpg
172,1420,871,95,105,region_000172.jpg
173,253,878,120,49,region_000173.jpg
174,819,878,51,31,region_000174.jpg
175,392,880,53,110,region_000175.jpg
176,1673,887,127,52,region_000176.jpg
177,0,890,476,464,region_000177.jpg
178,1172,891,42,25,region_000178.jpg
179,871,892,35,18,region_000179.jpg
180,1615,893,182,160,region_000180.jpg
181,1113,895,35,24,region_000181.jpg
182,1089,896,40,51,region_000182.jpg
183,1073,898,300,214,region_000183.jpg
184,1184,906,53,14,region_000184.jpg
185,349,908,69,28,region_000185.jpg
186,1409,912,31,86,region_000186.jpg
187,1160,916,71,64,region_000187.jpg
188,1116,917,43,18,region_000188.jpg
189,1492,920,214,60,region_000189.jpg
190,601,925,45,37,region_000190.jpg
191,73,926,30,40,region_000191.jpg
192,573,926,42,98,region_000192.jpg
193,1812,930,117,81,region_000193.jpg
194,803,935,86,67,region_000194.jpg
195,1285,937,118,278,region_000195.jpg
196,1788,940,24,63,region_000196.jpg
197,672,942,41,53,region_000197.jpg
198,477,946,18,76,region_000198.jpg
199,979,947,79,98,region_000199.jpg
200,826,951,63,39,region_000200.jpg
201,708,954,87,58,region_000201.jpg
202,1675,958,51,88,region_000202.jpg
203,940,959,58,50,region_000203.jpg
204,605,960,74,58,region_000204.jpg
205,1355,960,77,190,region_000205.jpg
206,836,967,79,65,region_000206.jpg
207,59,974,32,37,region_000207.jpg
208,1201,974,16,36,region_000208.jpg
209,719,976,64,21,region_000209.jpg
210,716,995,64,35,region_000210.jpg
211,1772,997,47,52,region_000211.jpg
212,25,1000,38,111,region_000212.jpg
213,369,1003,52,151,region_000213.jpg
214,668,1003,22,21,region_000214.jpg
215,456,1004,23,135,region_000215.jpg
216,829,1004,56,52,region_000216.jpg
217,1918,1004,70,94,region_000217.jpg
218,687,1006,33,123,region_000218.jpg
219,1378,1012,41,43,region_000219.jpg
220,338,1013,46,43,region_000220.jpg
221,771,1023,70,53,region_000221.jpg
222,793,1023,38,29,region_000222.jpg
223,704,1025,65,34,region_000223.jpg
224,1016,1029,34,34,region_000224.jpg
225,1078,1033,18,52,region_000225.jpg
226,1709,1035,62,58,region_000226.jpg
227,128,1040,59,18,region_000227.jpg
228,1914,1040,61,122,region_000228.jpg
229,1470,1046,35,20,region_000229.jpg
230,207,1048,55,71,region_000230.jpg
231,1284,1048,38,99,region_000231.jpg
232,122,1050,65,92,region_000232.jpg
233,1625,1051,49,31,region_000233.jpg
234,105,1057,21,64,region_000234.jpg
235,1027,1067,14,39,region_000235.jpg
236,292,1072,52,19,region_000236.jpg
237,360,1075,25,32,region_000237.jpg
238,942,1088,52,26,region_000238.jpg
239,1972,1090,75,118,region_000239.jpg
240,869,1091,210,79,region_000240.jpg
241,0,1092,100,111,region_000241.jpg
242,1086,1092,34,38,region_000242.jpg
243,1161,1093,32,38,region_000243.jpg
244,1385,1093,38,81,region_000244.jpg
245,1881,1093,29,50,region_000245.jpg
246,1729,1094,22,47,region_000246.jpg
247,1020,1100,31,25,region_000247.jpg
248,109,1105,24,48,region_000248.jpg
249,1820,1105,35,30,region_000249.jpg
250,1203,1109,51,38,region_000250.jpg
251,1696,1111,82,121,region_000251.jpg
252,1254,1114,31,32,region_000252.jpg
253,1491,1114,62,39,region_000253.jpg
254,1583,1114,79,48,region_000254.jpg
255,261,1118,44,43,region_000255.jpg
256,1034,1118,26,30,region_000256.jpg
257,1909,1118,30,23,region_000257.jpg
258,591,1119,42,80,region_000258.jpg
259,1477,1140,115,95,region_000259.jpg
260,843,1142,41,49,region_000260.jpg
261,1306,1143,15,53,region_000261.jpg
262,829,1148,30,32,region_000262.jpg
263,129,1149,29,50,region_000263.jpg
264,445,1150,20,71,region_000264.jpg
265,1840,1155,51,54,region_000265.jpg
266,66,1157,56,65,region_000266.jpg
267,1066,1157,168,71,region_000267.jpg
268,262,1158,87,56,region_000268.jpg
269,687,1162,25,23,region_000269.jpg
270,664,1169,26,39,region_000270.jpg
271,1394,1171,34,74,region_000271.jpg
272,720,1172,38,30,region_000272.jpg
273,1551,1172,92,40,region_000273.jpg
274,159,1179,29,20,region_000274.jpg
275,760,1179,64,20,region_000275.jpg
276,352,1190,104,136,region_000276.jpg
277,715,1190,25,17,region_000277.jpg
278,0,1199,37,46,region_000278.jpg
279,457,1199,85,64,region_000279.jpg
280,1771,1204,73,30,region_000280.jpg
281,1221,1209,146,65,region_000281.jpg
282,705,1211,34,30,region_000282.jpg
283,1973,1212,44,67,region_000283.jpg
284,754,1216,259,77,region_000284.jpg
285,2028,1216,19,27,region_000285.jpg
286,1654,1219,46,47,region_000286.jpg
287,1967,1219,18,29,region_000287.jpg
288,559,1236,94,41,region_000288.jpg
289,34,1237,39,29,region_000289.jpg
290,1880,1237,69,21,region_000290.jpg
291,709,1240,43,27,region_000291.jpg
292,1346,1243,56,23,region_000292.jpg
293,314,1244,69,31,region_000293.jpg
294,534,1249,36,20,region_000294.jpg
295,942,1250,301,29,region_000295.jpg
296,287,1254,74,17,region_000296.jpg
297,322,1266,48,30,region_000297.jpg
298,1713,1266,31,39,region_000298.jpg
299,168,1273,55,21,region_000299.jpg
300,258,1294,100,11,region_000300.jpg
301,1942,1297,58,20,region_000301.jpg
302,1411,1301,44,22,region_000302.jpg
303,1714,1304,44,39,region_000303.jpg
304,352,1312,57,18,region_000304.jpg
305,173,1315,253,39,region_000305.jpg
306,831,1317,28,18,region_000306.jpg
307,1915,1317,44,11,region_000307.jpg
308,182,1322,20,17,region_000308.jpg
309,308,1324,129,23,region_000309.jpg
310,1834,1324,89,2,region_000310.jpg
311,1758,1325,127,6,region_000311.jpg
312,154,1328,30,24,region_000312.jpg
313,998,848,44,12,region_000313.jpg
314,0,1092,100,153,region_000314.jpg
315,728,721,197,186,region_000315.jpg
316,664,1162,48,46,region_000316.jpg
317,659,1162,53,46,region_000317.jpg
318,688,1208,51,33,region_000318.jpg
319,687,1006,82,123,region_000319.jpg
320,1812,930,176,168,region_000320.jpg
321,1349,585,179,151,region_000321.jpg
322,1037,848,84,12,region_000322.jpg
323,1812,930,235,278,region_000323.jpg
324,659,1162,53,47,region_000324.jpg
325,1320,585,208,200,region_000325.jpg
326,1037,848,134,14,region_000326.jpg
327,1037,848,164,21,region_000327.jpg
328,715,1172,43,35,region_000328.jpg
329,1909,1040,66,122,region_000329.jpg
330,1881,1040,94,122,region_000330.jpg
331,1201,585,327,336,region_000331.jpg
332,979,947,80,98,region_000332.jpg
333,1750,642,166,206,region_000333.jpg
334,698,1240,54,27,region_000334.jpg
335,1419,485,18,35,region_000335.jpg
336,728,694,494,213,region_000336.jpg
337,534,1236,119,41,region_000337.jpg
338,591,1119,44,80,region_000338.jpg
339,170,863,94,88,region_000339.jpg
340,1394,1171,34,76,region_000340.jpg
341,1160,585,368,395,region_000341.jpg
342,591,1119,46,80,region_000342.jpg
343,649,1162,63,47,region_000343.jpg
344,1441,560,30,29,region_000344.jpg
345,1911,597,52,25,region_000345.jpg
346,1363,386,600,393,region_000346.jpg
347,1728,642,188,206,region_000347.jpg
348,1483,530,54,68,region_000348.jpg
349,931,835,111,95,region_000349.jpg
350,1284,1048,38,148,region_000350.jpg
351,754,1216,489,77,region_000351.jpg
352,754,1209,613,84,region_000352.jpg
353,1881,1025,94,137,region_000353.jpg
354,1840,538,207,99,region_000354.jpg
355,688,1208,64,59,region_000355.jpg
356,357,1003,64,151,region_000356.jpg
357,728,694,494,236,region_000357.jpg
358,925,1088,69,26,region_000358.jpg
359,0,1092,100,174,region_000359.jpg
360,1355,821,113,92,region_000360.jpg
361,940,947,119,98,region_000361.jpg
362,754,1209,648,84,region_000362.jpg
363,1439,798,43,32,region_000363.jpg
364,728,585,800,395,region_000364.jpg
365,1385,1093,43,154,region_000365.jpg
366,1073,898,300,298,region_000366.jpg
367,715,1159,43,48,region_000367.jpg
368,768,480,200,288,region_000368.jpg
369,1020,1100,40,48,region_000369.jpg
370,1676,381,70,112,region_000370.jpg
371,1379,547,38,46,region_000371.jpg
372,1113,895,46,40,region_000372.jpg
373,1113,895,46,45,region_000373.jpg
374,450,816,35,161,region_000374.jpg
375,475,774,127,108,region_000375.jpg
376,1758,1324,165,7,region_000376.jpg
377,173,1315,255,39,region_000377.jpg
378,1940,774,17,32,region_000378.jpg
379,687,1006,82,132,region_000379.jpg
380,303,287,341,256,region_000380.jpg
381,1676,381,70,125,region_000381.jpg
382,1840,1155,62,54,region_000382.jpg
383,584,805,73,93,region_000383.jpg
384,25,990,42,121,region_000384.jpg
385,154,1315,274,39,region_000385.jpg
386,753,1209,649,84,region_000386.jpg
387,2028,1216,19,31,region_000387.jpg
388,1420,871,286,109,region_000388.jpg
389,1073,891,300,305,region_000389.jpg
390,1816,563,48,59,region_000390.jpg
391,753,937,650,356,region_000391.jpg
392,338,1013,46,55,region_000392.jpg
393,1615,893,197,160,region_000393.jpg
394,0,863,476,491,region_000394.jpg
395,1615,893,204,160,region_000395.jpg
396,963,693,34,33,region_000396.jpg
397,189,1301,27,26,region_000397.jpg
398,475,774,182,124,region_000398.jpg
399,364,347,22,94,region_000399.jpg
400,1088,1177,26,25,region_000400.jpg
401,287,1244,96,31,region_000401.jpg
402,672,942,123,70,region_000402.jpg
403,1054,67,96,109,region_000403.jpg
404,672,942,123,74,region_000404.jpg
405,687,1006,86,132,region_000405.jpg
406,23,990,44,145,region_000406.jpg
407,869,891,504,305,region_000407.jpg
408,869,891,504,337,region_000408.jpg
409,728,585,800,643,region_000409.jpg
410,475,774,280,167,region_000410.jpg
411,475,774,280,188,region_000411.jpg
412,1355,960,77,287,region_000412.jpg
413,728,585,800,662,region_000413.jpg
414,742,480,226,304,region_000414.jpg
415,609,480,359,305,region_000415.jpg
416,649,1156,63,53,region_000416.jpg
417,796,720,103,132,region_000417.jpg
418,600,470,49,54,region_000418.jpg
419,672,942,123,196,region_000419.jpg
420,991,313,82,97,region_000420.jpg
421,303,284,341,259,region_000421.jpg
422,926,538,77,38,region_000422.jpg
423,896,776,27,114,region_000423.jpg
424,105,1050,82,92,region_000424.jpg
425,1573,519,34,51,region_000425.jpg
426,23,974,68,161,region_000426.jpg
427,1881,1025,104,137,region_000427.jpg
428,475,585,1053,662,region_000428.jpg
429,1363,386,600,401,region_000429.jpg
430,1477,1140,166,95,region_000430.jpg
431,0,863,480,491,region_000431.jpg
432,1615,893,204,169,region_000432.jpg
433,457,1199,196,78,region_000433.jpg
434,581,1119,56,80,region_000434.jpg
435,1045,79,104,198,region_000435.jpg
436,803,907,102,95,region_000436.jpg
437,803,878,102,124,region_000437.jpg
438,1713,1266,45,77,region_000438.jpg
439,822,66,222,294,region_000439.jpg
440,96,1050,91,92,region_000440.jpg
441,885,57,312,351,region_000441.jpg
442,1125,379,838,408,region_000442.jpg
443,2024,1216,23,41,region_000443.jpg
444,1840,538,207,107,region_000444.jpg
445,0,0,257,236,region_000445.jpg
446,1037,848,199,24,region_000446.jpg
447,609,480,359,372,region_000447.jpg
448,609,480,359,399,region_000448.jpg
449,1654,1111,124,155,region_000449.jpg
450,514,866,101,158,region_000450.jpg
451,1728,642,190,206,region_000451.jpg
452,1812,930,235,284,region_000452.jpg
453,1121,372,64,106,region_000453.jpg
454,457,1199,198,78,region_000454.jpg
455,829,1142,55,49,region_000455.jpg
456,1573,600,72,44,region_000456.jpg
457,1491,379,217,173,region_000457.jpg
458,609,480,388,399,region_000458.jpg
459,1420,871,399,191,region_000459.jpg
460,0,854,2047,500,region_000460.jpg
461,1379,547,54,46,region_000461.jpg
462,1745,637,20,33,region_000462.jpg
463,1509,601,28,40,region_000463.jpg
464,308,1282,130,65,region_000464.jpg
465,73,926,30,44,region_000465.jpg
466,1439,798,52,32,region_000466.jpg
467,445,1150,20,74,region_000467.jpg
468,299,284,345,259,region_000468.jpg
469,1278,604,71,89,region_000469.jpg
470,1248,604,101,89,region_000470.jpg
471,1045,67,105,210,region_000471.jpg
472,1045,67,109,210,region_000472.jpg
473,454,585,1074,676,region_000473.jpg
474,392,880,53,113,region_000474.jpg
475,885,57,312,386,region_000475.jpg
476,838,225,34,36,region_000476.jpg
477,182,1322,27,17,region_000477.jpg
478,247,874,126,53,region_000478.jpg
479,1439,798,52,35,region_000479.jpg
480,1769,1204,75,30,region_000480.jpg
481,0,230,672,194,region_000481.jpg
482,1654,1111,190,155,region_000482.jpg
483,247,874,171,62,region_000483.jpg
484,247,874,173,65,region_000484.jpg
485,649,1156,67,53,region_000485.jpg
486,262,1158,88,56,region_000486.jpg
487,905,644,244,180,region_000487.jpg
488,1758,1317,201,14,region_000488.jpg
489,486,515,68,41,region_000489.jpg
490,533,709,318,141,region_000490.jpg
491,518,709,333,141,region_000491.jpg
492,1542,708,64,39,region_000492.jpg
493,1840,1140,62,69,region_000493.jpg
494,1840,1025,145,184,region_000494.jpg
495,793,1004,92,52,region_000495.jpg
496,88,1105,45,48,region_000496.jpg
497,88,1050,99,103,region_000497.jpg
498,454,585,1074,685,region_000498.jpg
499,1801,910,246,304,region_000499.jpg
500,1411,1301,44,24,region_000500.jpg
501,822,57,375,386,region_000501.jpg
502,728,57,469,480,region_000502.jpg
503,1315,591,732,571,region_000503.jpg
504,457,516,112,81,region_000504.jpg
505,450,816,58,161,region_000505.jpg
506,1837,1025,148,184,region_000506.jpg
507,1567,379,171,216,region_000507.jpg
508,1379,547,54,52,region_000508.jpg
509,601,480,396,399,region_000509.jpg
510,713,1159,45,48,region_000510.jpg
511,544,299,88,78,region_000511.jpg
512,454,585,1074,708,region_000512.jpg
513,1675,958,96,135,region_000513.jpg
514,1970,1212,47,67,region_000514.jpg
515,1967,1212,50,67,region_000515.jpg
516,457,515,112,82,region_000516.jpg
517,728,57,1235,730,region_000517.jpg
518,384,1208,47,46,region_000518.jpg
519,394,509,64,31,region_000519.jpg
520,1420,871,627,343,region_000520.jpg
521,1420,871,627,395,region_000521.jpg
522,1022,1067,19,39,region_000522.jpg
523,1540,130,507,333,region_000523.jpg
524,385,485,184,131,region_000524.jpg
525,390,880,55,113,region_000525.jpg
526,390,842,55,151,region_000526.jpg
527,390,782,55,211,region_000527.jpg
528,390,782,55,218,region_000528.jpg
529,154,1266,69,28,region_000529.jpg
530,1705,1266,53,77,region_000530.jpg
531,454,547,1074,746,region_000531.jpg
532,1089,896,40,53,region_000532.jpg
533,1758,1317,201,17,region_000533.jpg
534,350,1004,27,27,region_000534.jpg
535,349,1004,28,27,region_000535.jpg
536,159,1179,36,20,region_000536.jpg
537,1671,958,100,135,region_000537.jpg
538,831,1317,30,18,region_000538.jpg
539,631,901,32,36,region_000539.jpg
540,631,901,34,36,region_000540.jpg
541,567,480,430,399,region_000541.jpg
542,338,1004,46,64,region_000542.jpg
543,0,264,807,950,region_000543.jpg
544,1315,538,732,624,region_000544.jpg
545,101,805,57,22,region_000545.jpg
546,382,1208,49,46,region_000546.jpg
547,454,547,1078,746,region_000547.jpg
548,544,297,113,80,region_000548.jpg
549,477,946,18,78,region_000549.jpg
550,0,547,2047,807,region_000550.jpg
551,1646,746,16,113,region_000551.jpg
552,1315,144,732,1018,region_000552.jpg
553,287,1244,96,52,region_000553.jpg
554,258,1244,125,61,region_000554.jpg
555,1729,1094,28,47,region_000555.jpg
556,0,264,841,950,region_000556.jpg
557,567,480,430,410,region_000557.jpg
558,829,1142,62,49,region_000558.jpg
559,0,264,997,950,region_000559.jpg
560,1705,1266,53,88,region_000560.jpg
561,728,57,1235,802,region_000561.jpg
562,742,0,1305,1162,region_000562.jpg
563,826,951,63,42,region_000563.jpg
564,1761,1125,37,50,region_000564.jpg
565,1313,475,48,66,region_000565.jpg
566,1313,405,66,136,region_000566.jpg
567,0,264,1149,950,region_000567.jpg
568,503,568,34,31,region_000568.jpg
569,600,470,57,54,region_000569.jpg
570,0,264,1149,960,region_000570.jpg
571,1611,1108,43,17,region_000571.jpg
572,0,264,2047,1090,region_000572.jpg
573,1667,728,32,26,region_000573.jpg
574,1693,1266,65,88,region_000574.jpg
575,1376,1012,43,46,region_000575.jpg
576,1671,958,102,135,region_000576.jpg
577,1409,903,52,95,region_000577.jpg
578,1409,880,53,118,region_000578.jpg
579,716,976,67,54,region_000579.jpg
580,326,500,57,193,region_000580.jpg
581,258,1244,127,61,region_000581.jpg
582,1880,1234,70,24,region_000582.jpg
583,728,0,1319,1162,region_000583.jpg
584,1471,435,22,61,region_000584.jpg
585,911,488,76,40,region_000585.jpg
586,0,0,1163,531,region_000586.jpg
587,0,0,1163,693,region_000587.jpg
588,259,1118,46,43,region_000588.jpg
589,0,0,2047,1162,region_000589.jpg
590,0,0,2047,1354,region_000590.jpg
