split,csv_path,image_count,label_files_found,missing_label_files,empty_label_files,total_boxes,class_id,class_name,class_box_count
train,data/train.csv,16551,16551,0,0,40058,0,aeroplane,1171
train,data/train.csv,16551,16551,0,0,40058,1,bicycle,1064
train,data/train.csv,16551,16551,0,0,40058,2,bird,1605
train,data/train.csv,16551,16551,0,0,40058,3,boat,1140
train,data/train.csv,16551,16551,0,0,40058,4,bottle,1764
train,data/train.csv,16551,16551,0,0,40058,5,bus,822
train,data/train.csv,16551,16551,0,0,40058,6,car,3267
train,data/train.csv,16551,16551,0,0,40058,7,cat,1593
train,data/train.csv,16551,16551,0,0,40058,8,chair,3152
train,data/train.csv,16551,16551,0,0,40058,9,cow,847
train,data/train.csv,16551,16551,0,0,40058,10,diningtable,824
train,data/train.csv,16551,16551,0,0,40058,11,dog,2025
train,data/train.csv,16551,16551,0,0,40058,12,horse,1072
train,data/train.csv,16551,16551,0,0,40058,13,motorbike,1052
train,data/train.csv,16551,16551,0,0,40058,14,person,13256
train,data/train.csv,16551,16551,0,0,40058,15,pottedplant,1487
train,data/train.csv,16551,16551,0,0,40058,16,sheep,1070
train,data/train.csv,16551,16551,0,0,40058,17,sofa,814
train,data/train.csv,16551,16551,0,0,40058,18,train,925
train,data/train.csv,16551,16551,0,0,40058,19,tvmonitor,1108
test,data/test.csv,4952,4952,0,0,12032,0,aeroplane,285
test,data/test.csv,4952,4952,0,0,12032,1,bicycle,337
test,data/test.csv,4952,4952,0,0,12032,2,bird,459
test,data/test.csv,4952,4952,0,0,12032,3,boat,263
test,data/test.csv,4952,4952,0,0,12032,4,bottle,469
test,data/test.csv,4952,4952,0,0,12032,5,bus,213
test,data/test.csv,4952,4952,0,0,12032,6,car,1201
test,data/test.csv,4952,4952,0,0,12032,7,cat,358
test,data/test.csv,4952,4952,0,0,12032,8,chair,756
test,data/test.csv,4952,4952,0,0,12032,9,cow,244
test,data/test.csv,4952,4952,0,0,12032,10,diningtable,206
test,data/test.csv,4952,4952,0,0,12032,11,dog,489
test,data/test.csv,4952,4952,0,0,12032,12,horse,348
test,data/test.csv,4952,4952,0,0,12032,13,motorbike,325
test,data/test.csv,4952,4952,0,0,12032,14,person,4528
test,data/test.csv,4952,4952,0,0,12032,15,pottedplant,480
test,data/test.csv,4952,4952,0,0,12032,16,sheep,242
test,data/test.csv,4952,4952,0,0,12032,17,sofa,239
test,data/test.csv,4952,4952,0,0,12032,18,train,282
test,data/test.csv,4952,4952,0,0,12032,19,tvmonitor,308
