epoch,split,class_id,class_name,ap
20,test_full,0,aeroplane,0.545835
20,test_full,1,bicycle,0.429488
20,test_full,2,bird,0.214368
20,test_full,3,boat,0.271365
20,test_full,4,bottle,0.101070
20,test_full,5,bus,0.548810
20,test_full,6,car,0.691350
20,test_full,7,cat,0.398956
20,test_full,8,chair,0.249883
20,test_full,9,cow,0.336899
20,test_full,10,diningtable,0.416174
20,test_full,11,dog,0.292727
20,test_full,12,horse,0.562389
20,test_full,13,motorbike,0.451400
20,test_full,14,person,0.610108
20,test_full,15,pottedplant,0.045295
20,test_full,16,sheep,0.287329
20,test_full,17,sofa,0.369943
20,test_full,18,train,0.583442
20,test_full,19,tvmonitor,0.428919
40,test_full,0,aeroplane,0.697321
40,test_full,1,bicycle,0.621365
40,test_full,2,bird,0.406784
40,test_full,3,boat,0.459227
40,test_full,4,bottle,0.253630
40,test_full,5,bus,0.668829
40,test_full,6,car,0.763623
40,test_full,7,cat,0.564009
40,test_full,8,chair,0.341251
40,test_full,9,cow,0.475288
40,test_full,10,diningtable,0.539095
40,test_full,11,dog,0.410121
40,test_full,12,horse,0.696760
40,test_full,13,motorbike,0.610534
40,test_full,14,person,0.715142
40,test_full,15,pottedplant,0.200675
40,test_full,16,sheep,0.453069
40,test_full,17,sofa,0.511587
40,test_full,18,train,0.685536
40,test_full,19,tvmonitor,0.534344
60,test_full,0,aeroplane,0.757255
60,test_full,1,bicycle,0.670233
60,test_full,2,bird,0.468831
60,test_full,3,boat,0.473708
60,test_full,4,bottle,0.293780
60,test_full,5,bus,0.685091
60,test_full,6,car,0.772240
60,test_full,7,cat,0.630238
60,test_full,8,chair,0.380530
60,test_full,9,cow,0.509945
60,test_full,10,diningtable,0.546150
60,test_full,11,dog,0.509617
60,test_full,12,horse,0.700276
60,test_full,13,motorbike,0.679745
60,test_full,14,person,0.740790
60,test_full,15,pottedplant,0.263027
60,test_full,16,sheep,0.520629
60,test_full,17,sofa,0.546554
60,test_full,18,train,0.700829
60,test_full,19,tvmonitor,0.565291
80,test_full,0,aeroplane,0.748365
80,test_full,1,bicycle,0.678886
80,test_full,2,bird,0.489910
80,test_full,3,boat,0.449521
80,test_full,4,bottle,0.304730
80,test_full,5,bus,0.685988
80,test_full,6,car,0.776955
80,test_full,7,cat,0.642693
80,test_full,8,chair,0.374941
80,test_full,9,cow,0.537200
80,test_full,10,diningtable,0.512241
80,test_full,11,dog,0.544795
80,test_full,12,horse,0.709447
80,test_full,13,motorbike,0.680534
80,test_full,14,person,0.743532
80,test_full,15,pottedplant,0.269083
80,test_full,16,sheep,0.551743
80,test_full,17,sofa,0.565234
80,test_full,18,train,0.723502
80,test_full,19,tvmonitor,0.568240
100,test_full,0,aeroplane,0.723855
100,test_full,1,bicycle,0.670778
100,test_full,2,bird,0.493364
100,test_full,3,boat,0.453019
100,test_full,4,bottle,0.302974
100,test_full,5,bus,0.685684
100,test_full,6,car,0.776054
100,test_full,7,cat,0.624561
100,test_full,8,chair,0.363938
100,test_full,9,cow,0.530394
100,test_full,10,diningtable,0.476927
100,test_full,11,dog,0.548495
100,test_full,12,horse,0.712246
100,test_full,13,motorbike,0.674305
100,test_full,14,person,0.740527
100,test_full,15,pottedplant,0.271326
100,test_full,16,sheep,0.542120
100,test_full,17,sofa,0.557132
100,test_full,18,train,0.724407
100,test_full,19,tvmonitor,0.554374
