epoch,train_loss,box_loss,cls_loss,avg_pos,quick_test_mAP,full_test_mAP,best_full_test_mAP,learning_rate,epoch_time_sec,quick_pred_boxes,quick_true_boxes,full_pred_boxes,full_true_boxes,skipped_batches
1,6.504714,1.179347,0.607978,249.531,,,0.000000,0.00010662,993.52,,,,,0
2,5.257565,0.793758,1.288776,249.774,,,0.000000,0.00020329,966.43,,,,,0
3,4.970223,0.699979,1.470329,249.696,,,0.000000,0.00029995,963.77,,,,,0
4,4.791207,0.646456,1.558928,248.896,,,0.000000,0.00029992,975.83,,,,,0
5,4.639702,0.609053,1.594436,249.346,0.179038,,0.000000,0.00029970,992.64,24000,554,,,0
6,4.528352,0.582522,1.615741,249.416,,,0.000000,0.00029932,975.01,,,,,0
7,4.430514,0.560816,1.626435,249.592,,,0.000000,0.00029879,964.48,,,,,0
8,4.360751,0.547449,1.623504,249.672,,,0.000000,0.00029810,971.21,,,,,0
9,4.287564,0.532670,1.624215,249.589,,,0.000000,0.00029727,967.57,,,,,0
10,4.230217,0.519903,1.630703,249.782,0.338250,,0.000000,0.00029629,980.96,24000,554,,,0
11,4.178968,0.511385,1.622041,248.904,,,0.000000,0.00029516,966.49,,,,,0
12,4.115815,0.499044,1.620596,249.605,,,0.000000,0.00029388,965.99,,,,,0
13,4.070513,0.491286,1.614086,249.791,,,0.000000,0.00029246,967.11,,,,,0
14,4.032660,0.484206,1.611631,249.443,,,0.000000,0.00029090,960.46,,,,,0
15,3.986928,0.476038,1.606737,249.722,0.420500,,0.000000,0.00028919,968.90,24000,554,,,0
16,3.946734,0.469533,1.599069,249.574,,,0.000000,0.00028734,951.84,,,,,0
17,3.910460,0.463444,1.593240,249.096,,,0.000000,0.00028535,969.37,,,,,0
18,3.863454,0.456285,1.582028,249.365,,,0.000000,0.00028322,965.38,,,,,0
19,3.833026,0.450103,1.582513,249.501,,,0.000000,0.00028096,972.59,,,,,0
20,3.798175,0.445718,1.569586,249.385,0.458615,0.391788,0.391788,0.00027857,1156.45,24000,554,1485600,12032,0
21,3.774043,0.440888,1.569601,249.666,,,0.391788,0.00027605,969.21,,,,,0
22,3.739665,0.435501,1.562159,249.325,,,0.391788,0.00027340,973.06,,,,,0
23,3.709022,0.431802,1.550014,249.450,,,0.391788,0.00027063,969.23,,,,,0
24,3.680470,0.427102,1.544962,249.993,,,0.391788,0.00026774,967.95,,,,,0
25,3.661723,0.423967,1.541889,249.519,0.504575,,0.391788,0.00026472,971.12,24000,554,,,0
26,3.629362,0.418533,1.536698,249.458,,,0.391788,0.00026160,968.78,,,,,0
27,3.606053,0.414635,1.532877,249.248,,,0.391788,0.00025836,969.13,,,,,0
28,3.573688,0.410162,1.522879,249.073,,,0.391788,0.00025501,953.74,,,,,0
29,3.552279,0.408159,1.511481,249.498,,,0.391788,0.00025156,967.68,,,,,0
30,3.527090,0.403470,1.509740,249.474,0.544529,,0.391788,0.00024801,968.13,24000,554,,,0
31,3.499823,0.399938,1.500135,249.602,,,0.391788,0.00024435,963.80,,,,,0
32,3.487343,0.398840,1.493145,249.624,,,0.391788,0.00024061,970.60,,,,,0
33,3.459627,0.392950,1.494876,249.735,,,0.391788,0.00023678,969.61,,,,,0
34,3.440840,0.390841,1.486635,249.800,,,0.391788,0.00023286,969.25,,,,,0
35,3.418804,0.387956,1.479025,249.441,0.573925,,0.391788,0.00022885,962.25,24000,554,,,0
36,3.390133,0.383711,1.471576,249.361,,,0.391788,0.00022477,971.00,,,,,0
37,3.367424,0.380910,1.462873,249.395,,,0.391788,0.00022062,969.28,,,,,0
38,3.346912,0.377715,1.458337,249.624,,,0.391788,0.00021640,967.41,,,,,0
39,3.333428,0.375416,1.456350,249.408,,,0.391788,0.00021211,964.04,,,,,0
40,3.311120,0.372832,1.446963,249.884,0.608258,0.530410,0.530410,0.00020777,1158.73,24000,554,1485600,12032,0
41,3.296474,0.370786,1.442542,249.882,,,0.530410,0.00020337,970.12,,,,,0
42,3.280966,0.369471,1.433609,249.480,,,0.530410,0.00019892,964.32,,,,,0
43,3.255829,0.365218,1.429738,249.354,,,0.530410,0.00019442,966.72,,,,,0
44,3.235775,0.362145,1.425049,249.481,,,0.530410,0.00018988,955.22,,,,,0
45,3.221756,0.361037,1.416569,249.455,0.618590,,0.530410,0.00018530,979.81,24000,554,,,0
46,3.197305,0.357777,1.408419,249.335,,,0.530410,0.00018069,965.93,,,,,0
47,3.183338,0.356291,1.401884,249.491,,,0.530410,0.00017606,976.48,,,,,0
48,3.161041,0.352842,1.396830,249.639,,,0.530410,0.00017140,971.50,,,,,0
49,3.149814,0.351659,1.391519,249.477,,,0.530410,0.00016673,965.80,,,,,0
50,3.133323,0.349437,1.386137,249.235,0.630513,,0.530410,0.00016204,970.69,24000,554,,,0
51,3.112086,0.347140,1.376383,249.221,,,0.530410,0.00015735,972.51,,,,,0
52,3.095096,0.344726,1.371468,249.043,,,0.530410,0.00015265,965.99,,,,,0
53,3.074408,0.342372,1.362548,249.594,,,0.530410,0.00014796,966.85,,,,,0
54,3.060975,0.340594,1.358002,249.568,,,0.530410,0.00014327,959.72,,,,,0
55,3.050543,0.339510,1.352995,249.337,0.636722,,0.530410,0.00013860,974.63,24000,554,,,0
56,3.034009,0.337901,1.344503,249.692,,,0.530410,0.00013394,970.29,,,,,0
57,3.021167,0.336277,1.339781,249.480,,,0.530410,0.00012931,962.28,,,,,0
58,3.001628,0.333855,1.332353,249.558,,,0.530410,0.00012470,974.40,,,,,0
59,2.993605,0.332656,1.330325,249.403,,,0.530410,0.00012013,969.15,,,,,0
60,2.980122,0.331597,1.322135,249.396,0.637981,0.570738,0.570738,0.00011559,1170.18,24000,554,1485600,12032,0
61,2.956503,0.328336,1.314823,249.692,,,0.570738,0.00011109,966.73,,,,,0
62,2.951802,0.327822,1.312692,249.527,,,0.570738,0.00010664,972.71,,,,,0
63,2.930125,0.325447,1.302888,249.487,,,0.570738,0.00010224,953.47,,,,,0
64,2.922436,0.324096,1.301957,249.593,,,0.570738,0.00009789,965.52,,,,,0
65,2.895627,0.320698,1.292139,249.543,0.639155,,0.570738,0.00009360,976.06,24000,554,,,0
66,2.896947,0.321975,1.287073,249.488,,,0.570738,0.00008938,969.92,,,,,0
67,2.875318,0.318607,1.282283,249.641,,,0.570738,0.00008523,976.73,,,,,0
68,2.862847,0.317442,1.275635,249.703,,,0.570738,0.00008115,973.51,,,,,0
69,2.858579,0.317313,1.272013,249.916,,,0.570738,0.00007715,973.17,,,,,0
70,2.845451,0.315958,1.265659,249.315,0.637861,,0.570738,0.00007323,970.26,24000,554,,,0
71,2.832836,0.314473,1.260471,249.375,,,0.570738,0.00006939,961.43,,,,,0
72,2.816816,0.312761,1.253010,249.689,,,0.570738,0.00006565,967.08,,,,,0
73,2.806787,0.312439,1.244595,249.412,,,0.570738,0.00006200,965.84,,,,,0
74,2.797548,0.310187,1.246615,250.136,,,0.570738,0.00005844,970.57,,,,,0
75,2.788187,0.309597,1.240200,249.440,0.637707,,0.570738,0.00005499,982.58,24000,554,,,0
76,2.779096,0.308143,1.238383,249.329,,,0.570738,0.00005164,967.87,,,,,0
77,2.772192,0.308159,1.231398,249.549,,,0.570738,0.00004841,965.46,,,,,0
78,2.764721,0.307551,1.226965,249.051,,,0.570738,0.00004528,961.04,,,,,0
79,2.752806,0.305819,1.223713,249.022,,,0.570738,0.00004227,968.02,,,,,0
80,2.754280,0.306577,1.221397,249.241,0.644430,0.577877,0.577877,0.00003937,1173.48,24000,554,1485600,12032,0
81,2.740157,0.305272,1.213795,249.434,,,0.577877,0.00003660,967.80,,,,,0
82,2.724872,0.302167,1.214036,249.194,,,0.577877,0.00003395,960.24,,,,,0
83,2.722183,0.302366,1.210354,249.345,,,0.577877,0.00003143,962.83,,,,,0
84,2.711383,0.301374,1.204515,249.500,,,0.577877,0.00002904,958.25,,,,,0
85,2.706342,0.300831,1.202187,249.330,0.639341,,0.577877,0.00002678,978.11,24000,554,,,0
86,2.699526,0.300355,1.197750,249.636,,,0.577877,0.00002465,964.66,,,,,0
87,2.711132,0.301939,1.201435,249.983,,,0.577877,0.00002266,972.38,,,,,0
88,2.698118,0.300410,1.196066,249.536,,,0.577877,0.00002081,978.68,,,,,0
89,2.692832,0.299276,1.196453,249.334,,,0.577877,0.00001911,986.63,,,,,0
90,2.684389,0.298652,1.191130,249.621,0.631313,,0.577877,0.00001754,969.65,24000,554,,,0
91,2.678945,0.297851,1.189691,249.199,,,0.577877,0.00001612,968.86,,,,,0
92,2.678526,0.298146,1.187797,249.562,,,0.577877,0.00001484,965.95,,,,,0
93,2.679775,0.298624,1.186655,249.705,,,0.577877,0.00001371,964.90,,,,,0
94,2.685779,0.299397,1.188792,249.485,,,0.577877,0.00001273,964.20,,,,,0
95,2.665129,0.296748,1.181390,250.316,0.633520,,0.577877,0.00001190,979.41,24000,554,,,0
96,2.670086,0.296929,1.185439,249.413,,,0.577877,0.00001122,957.75,,,,,0
97,2.665023,0.296719,1.181429,249.519,,,0.577877,0.00001068,961.46,,,,,0
98,2.657958,0.295551,1.180205,249.504,,,0.577877,0.00001030,969.83,,,,,0
99,2.667071,0.296694,1.183603,249.680,,,0.577877,0.00001008,984.89,,,,,0
100,2.664901,0.296741,1.181198,249.742,0.633029,0.571324,0.577877,0.00001000,1171.51,24000,554,1485600,12032,0
