epoch,train_loss,positive_targets,train_mAP,test_mAP,best_mAP,learning_rate,epoch_time_sec
1,52.155664,21413,,,0.000000,0.0001000000,24.47
2,41.866494,21350,,,0.000000,0.0001000000,22.77
3,32.482504,21338,,,0.000000,0.0001000000,21.90
4,27.494178,21419,,,0.000000,0.0001000000,22.22
5,24.635468,21425,,,0.000000,0.0001000000,22.10
6,22.675201,21446,,,0.000000,0.0001000000,22.25
7,21.257057,21387,,,0.000000,0.0001000000,21.52
8,20.005015,21407,,,0.000000,0.0001000000,22.08
9,18.976263,21437,,,0.000000,0.0001000000,21.84
10,18.083748,21407,0.003668,0.001061,0.001061,0.0001000000,387.70
11,17.322794,21440,,,0.001061,0.0001000000,21.58
12,16.604208,21380,,,0.001061,0.0001000000,21.37
13,15.975093,21470,,,0.001061,0.0001000000,21.12
14,15.477819,21422,,,0.001061,0.0001000000,21.43
15,14.966057,21422,,,0.001061,0.0001000000,21.35
16,14.512984,21458,,,0.001061,0.0001000000,21.15
17,14.115889,21389,,,0.001061,0.0001000000,21.23
18,13.641401,21374,,,0.001061,0.0001000000,20.87
19,13.302373,21416,,,0.001061,0.0001000000,21.12
20,12.913303,21410,0.025879,0.002214,0.002214,0.0001000000,377.24
21,12.618769,21389,,,0.002214,0.0001000000,21.73
22,12.254147,21473,,,0.002214,0.0001000000,21.93
23,11.959806,21338,,,0.002214,0.0001000000,20.99
24,11.581810,21419,,,0.002214,0.0001000000,20.89
25,11.229928,21443,,,0.002214,0.0001000000,21.03
26,10.978539,21437,,,0.002214,0.0001000000,20.95
27,10.654098,21470,,,0.002214,0.0001000000,21.92
28,10.551857,21410,,,0.002214,0.0001000000,23.13
29,10.100393,21446,,,0.002214,0.0001000000,23.67
30,9.861157,21407,0.077963,0.002837,0.002837,0.0001000000,398.17
31,9.605559,21443,,,0.002837,0.0001000000,21.04
32,9.376901,21389,,,0.002837,0.0001000000,21.69
33,8.996324,21404,,,0.002837,0.0001000000,20.90
34,8.824367,21410,,,0.002837,0.0001000000,20.95
35,8.509905,21389,,,0.002837,0.0001000000,20.98
36,8.266173,21437,,,0.002837,0.0001000000,21.09
37,8.058843,21437,,,0.002837,0.0001000000,21.12
38,7.830624,21410,,,0.002837,0.0001000000,21.17
39,7.574362,21356,,,0.002837,0.0001000000,21.79
40,7.482685,21455,0.149043,0.003400,0.003400,0.0001000000,426.61
41,7.225686,21407,,,0.003400,0.0001000000,21.02
42,6.980204,21464,,,0.003400,0.0001000000,21.76
43,6.859820,21386,,,0.003400,0.0001000000,20.97
44,6.693561,21413,,,0.003400,0.0001000000,21.01
45,6.402208,21464,,,0.003400,0.0001000000,21.02
46,6.378551,21393,,,0.003400,0.0001000000,20.93
47,6.189191,21428,,,0.003400,0.0001000000,21.28
48,5.963126,21446,,,0.003400,0.0001000000,21.06
49,5.833646,21392,,,0.003400,0.0001000000,20.84
50,5.735749,21431,0.226914,0.007224,0.007224,0.0001000000,375.71
51,5.677381,21389,,,0.007224,0.0001000000,21.05
52,5.581399,21422,,,0.007224,0.0001000000,20.84
53,5.277249,21404,,,0.007224,0.0001000000,20.90
54,5.152277,21407,,,0.007224,0.0001000000,21.04
55,5.115032,21407,,,0.007224,0.0001000000,22.06
56,4.957197,21338,,,0.007224,0.0001000000,21.80
57,4.804863,21464,,,0.007224,0.0001000000,20.91
58,4.800268,21410,,,0.007224,0.0001000000,21.23
59,4.709429,21437,,,0.007224,0.0001000000,20.86
60,4.529002,21410,0.262916,0.003378,0.007224,0.0001000000,319.52
61,4.510861,21428,,,0.007224,0.0001000000,21.10
62,4.464860,21425,,,0.007224,0.0001000000,20.94
63,4.305537,21413,,,0.007224,0.0001000000,20.90
64,4.221963,21413,,,0.007224,0.0001000000,20.87
65,4.085069,21377,,,0.007224,0.0001000000,20.96
66,4.000149,21404,,,0.007224,0.0001000000,20.91
67,3.904009,21389,,,0.007224,0.0001000000,20.89
68,3.962649,21365,,,0.007224,0.0001000000,21.16
69,3.873196,21407,,,0.007224,0.0001000000,20.96
70,3.861000,21446,0.269888,0.003718,0.007224,0.0001000000,277.14
71,3.766559,21410,,,0.007224,0.0001000000,20.97
72,3.649290,21407,,,0.007224,0.0001000000,21.67
73,3.668081,21461,,,0.007224,0.0001000000,21.06
74,3.758291,21368,,,0.007224,0.0001000000,20.88
75,3.710230,21428,,,0.007224,0.0001000000,21.07
76,3.535017,21404,,,0.007224,0.0001000000,21.84
77,3.530739,21416,,,0.007224,0.0001000000,20.97
78,3.402218,21458,,,0.007224,0.0001000000,20.99
79,3.360378,21416,,,0.007224,0.0001000000,20.89
80,3.389519,21410,0.280774,0.002916,0.007224,0.0001000000,274.25
81,3.307293,21467,,,0.007224,0.0001000000,21.08
82,3.140799,21410,,,0.007224,0.0001000000,20.90
83,3.070010,21452,,,0.007224,0.0001000000,20.83
84,3.166229,21458,,,0.007224,0.0001000000,20.93
85,3.219249,21434,,,0.007224,0.0001000000,20.98
86,3.122350,21353,,,0.007224,0.0001000000,20.87
87,3.065312,21458,,,0.007224,0.0001000000,21.27
88,3.202074,21434,,,0.007224,0.0001000000,21.17
89,3.357003,21428,,,0.007224,0.0001000000,21.04
90,3.337906,21428,0.285634,0.003401,0.007224,0.0001000000,255.77
91,3.219151,21362,,,0.007224,0.0001000000,21.94
92,3.155194,21410,,,0.007224,0.0001000000,20.91
93,3.037294,21398,,,0.007224,0.0001000000,20.94
94,2.916123,21413,,,0.007224,0.0001000000,20.88
95,2.855201,21425,,,0.007224,0.0001000000,20.99
96,2.804972,21434,,,0.007224,0.0001000000,20.98
97,2.713875,21407,,,0.007224,0.0001000000,20.99
98,2.704390,21374,,,0.007224,0.0001000000,21.33
99,2.760249,21431,,,0.007224,0.0001000000,21.75
100,2.754234,21458,0.304607,0.001786,0.007224,0.0001000000,225.45
